i,label
1,0
2,0
3,0
4,1
5,1
6,1
7,1
8,1
9,1
10,1
11,0
12,0
13,1
14,1
15,1
16,0
17,0
18,0
19,0
20,0
21,0
22,0
23,0
24,0
25,1
26,0
27,1
28,1
29,1
30,0
31,0
32,1
33,0
34,1
35,0
36,1
37,0
38,0
39,1
40,0
41,0
42,0
43,0
44,0
45,1
46,1
47,0
48,0
49,0
50,1
51,0
52,0
53,0
54,0
55,0
56,0
57,1
58,0
59,0
60,0
61,0
62,1
63,0
64,0
65,1
66,1
67,1
68,0
69,1
70,0
71,1
72,0
73,1
74,0
75,1
76,1
77,1
78,1
79,0
80,0
81,1
82,0
83,1
84,0
85,0
86,0
87,0
88,0
89,0
90,0
91,0
92,0
93,0
94,0
95,0
96,0
97,0
98,0
99,0
100,0
101,0
102,1
103,1
104,0
105,0
106,1
107,1
108,1
109,1
110,0
111,0
112,1
113,1
114,0
115,1
116,0
117,0
118,0
119,0
120,0
121,0
122,0
123,0
124,1
125,0
126,0
127,0
128,0
129,0
130,0
131,0
132,0
133,1
134,1
135,1
136,0
137,1
138,0
139,0
140,1
141,1
142,1
143,0
144,0
145,1
146,0
147,0
148,0
149,0
150,1
151,0
152,1
153,0
154,0
155,0
156,0
157,0
158,0
159,0
160,1
161,0
162,0
163,0
164,1
165,1
166,0
167,1
168,1
169,0
170,0
171,0
172,0
173,1
174,0
175,0
176,0
177,0
178,0
179,0
180,0
181,1
182,0
183,0
184,0
185,0
186,0
187,1
188,0
189,1
190,0
191,0
192,0
193,0
194,1
195,0
196,0
197,0
198,1
199,0
200,0
201,0
202,0
203,1
204,0
205,0
206,0
207,0
208,1
209,1
210,1
211,1
212,0
213,0
214,0
215,0
216,1
217,0
218,0
219,0
220,0
221,0
222,1
223,1
224,0
225,1
226,0
227,1
228,0
229,0
230,0
231,1
232,1
233,0
234,1
235,1
236,0
237,1
238,0
239,1
240,0
241,0
242,0
243,0
244,0
245,0
246,0
247,1
248,0
249,1
250,0
251,0
252,0
253,0
254,1
255,0
256,0
257,1
258,0
259,0
260,1
261,0
262,0
263,1
264,0
265,0
266,0
267,1
268,0
269,1
270,0
271,0
272,0
273,1
274,0
275,0
276,0
277,0
278,0
279,0
280,0
281,0
282,0
283,0
284,0
285,0
286,0
287,1
288,0
289,1
290,0
291,0
292,0
293,0
294,1
295,0
296,0
297,0
298,0
299,1
300,0
301,0
302,1
303,1
304,1
305,0
306,0
307,0
308,0
309,0
310,0
311,0
312,1
313,1
314,1
315,1
316,0
317,0
318,0
319,0
320,0
321,0
322,0
323,0
324,0
325,0
326,0
327,0
328,0
329,0
330,1
331,1
332,0
333,0
334,0
335,0
336,0
337,0
338,0
339,0
340,0
341,0
342,0
343,1
344,0
345,1
346,0
347,1
348,0
349,0
350,0
351,0
352,0
353,0
354,0
355,0
356,0
357,0
358,0
359,0
360,0
361,0
362,0
363,0
364,0
365,0
366,0
367,0
368,0
369,0
370,0
371,0
372,0
373,0
374,1
375,0
376,1
377,1
378,0
379,0
380,0
381,0
382,0
383,0
384,0
385,0
386,0
387,0
388,0
389,0
390,0
391,0
392,1
393,0
394,0
395,0
396,0
397,0
398,0
399,0
400,1
401,0
402,1
403,0
404,1
405,0
406,1
407,1
408,0
409,1
410,0
411,0
412,0
413,1
414,0
415,0
416,0
417,0
418,1
419,1
420,1
421,0
422,0
423,0
424,0
425,1
426,0
427,1
428,1
429,0
430,0
431,1
432,0
433,0
434,0
435,1
436,0
437,1
438,0
439,0
440,0
441,0
442,0
443,0
444,0
445,1
446,0
447,0
448,0
449,1
450,0
451,0
452,0
453,0
454,0
455,0
456,1
457,0
458,1
459,0
460,0
461,0
462,0
463,0
464,1
465,1
466,1
467,1
468,0
469,0
470,0
471,0
472,0
473,0
474,1
475,0
476,1
477,0
478,0
479,0
480,0
481,1
482,0
483,0
484,0
485,0
486,0
487,0
488,0
489,0
490,1
491,1
492,0
493,0
494,0
495,0
496,0
497,0
498,0
499,0
500,0
501,0
502,0
503,0
504,0
505,1
506,0
507,0
508,0
509,1
510,1
511,1
512,1
513,1
514,1
515,0
516,0
517,0
518,0
519,0
520,0
521,0
522,0
523,1
524,0
525,0
526,0
527,0
528,0
529,0
530,0
531,0
532,0
533,0
534,0
535,0
536,0
537,0
538,1
539,0
540,0
541,1
542,0
543,0
544,0
545,0
546,0
547,0
548,0
549,0
550,0
551,0
552,0
553,0
554,0
555,0
556,0
557,0
558,0
559,0
560,0
561,0
562,0
563,0
564,0
565,0
566,0
567,0
568,0
569,0
570,0
571,0
572,0
573,0
574,0
575,0
576,0
577,0
578,0
579,0
580,0
581,1
582,0
583,0
584,0
585,0
586,0
587,0
588,0
589,0
590,0
591,0
592,0
593,0
594,0
595,0
596,0
597,0
598,0
599,0
600,0
601,0
602,0
603,0
604,0
605,0
606,0
607,0
608,0
609,0
610,0
611,0
612,1
613,0
614,0
615,0
616,1
617,1
618,1
619,0
620,1
621,1
622,0
623,0
624,0
625,1
626,0
627,1
628,0
629,1
630,1
631,0
632,0
633,0
634,0
635,0
636,0
637,1
638,0
639,0
640,0
641,0
642,0
643,0
644,0
645,0
646,0
647,1
648,0
649,0
650,0
651,0
652,0
653,0
654,1
655,0
656,0
657,1
658,0
659,0
660,0
661,1
662,1
663,0
664,0
665,0
666,0
667,1
668,1
669,1
670,0
671,0
672,0
673,0
674,0
675,0
676,0
677,0
678,0
679,0
680,0
681,1
682,0
683,0
684,0
685,0
686,0
687,0
688,0
689,0
690,0
691,0
692,0
693,0
694,0
695,0
696,0
697,1
698,1
699,0
700,1
701,0
702,1
703,0
704,1
705,0
706,0
707,0
708,0
709,1
710,1
711,0
712,0
713,0
714,0
715,0
716,0
717,0
718,0
719,1
720,0
721,0
722,1
723,0
724,0
725,0
726,0
727,0
728,0
729,1
730,1
731,0
732,1
733,0
734,0
735,1
736,1
737,1
738,0
739,1
740,0
741,0
742,0
743,0
744,1
745,1
746,1
747,0
748,0
749,0
750,1
751,1
752,0
753,0
754,0
755,0
756,0
757,0
758,0
759,0
760,0
761,1
762,0
763,0
764,0
765,1
766,0
767,0
768,0
769,0
770,0
771,0
772,0
773,0
774,1
775,0
776,0
777,0
778,0
779,1
780,0
781,1
782,0
783,0
784,0
785,0
786,0
787,0
788,0
789,0
790,0
791,0
792,1
793,0
794,1
795,0
796,0
797,1
798,0
799,1
800,0
801,0
802,0
803,0
804,1
805,0
806,1
807,0
808,0
809,0
810,0
811,0
812,1
813,0
814,0
815,0
816,0
817,0
818,0
819,0
820,0
821,0
822,0
823,0
824,0
825,0
826,0
827,1
828,0
829,0
830,1
831,1
832,0
833,0
834,0
835,1
836,0
837,0
838,1
839,1
840,1
841,1
842,0
843,1
844,0
845,0
846,1
847,1
848,0
849,0
850,0
851,1
852,0
853,0
854,0
855,0
856,0
857,0
858,1
859,0
860,0
861,0
862,0
863,0
864,0
865,0
866,0
867,0
868,0
869,1
870,0
871,0
872,0
873,0
874,0
875,0
876,0
877,0
878,0
879,0
880,1
881,0
882,0
883,0
884,1
885,0
886,0
887,0
888,0
889,0
890,0
891,0
892,0
893,0
894,0
895,0
896,0
897,1
898,0
899,0
900,0
901,0
902,0
903,0
904,0
905,0
906,1
907,0
908,0
909,0
910,0
911,1
912,0
913,0
914,0
915,1
916,0
917,0
918,0
919,0
920,0
921,0
922,0
923,1
924,1
925,0
926,0
927,0
928,0
929,1
930,0
931,1
932,0
933,0
934,0
935,1
936,0
937,0
938,0
939,0
940,0
941,0
942,0
943,0
944,0
945,0
946,1
947,0
948,0
949,1
950,0
951,0
952,0
953,0
954,0
955,0
956,0
957,1
958,0
959,0
960,0
961,1
962,0
963,0
964,1
965,0
966,0
967,0
968,0
969,0
970,1
971,0
972,0
973,0
974,0
975,0
976,0
977,0
978,0
979,1
980,1
981,1
982,0
983,0
984,0
985,0
986,0
987,0
988,0
989,0
990,1
991,0
992,0
993,0
994,1
995,0
996,0
997,1
998,0
999,1
1000,1
1001,0
1002,1
1003,1
1004,1
1005,1
1006,0
1007,1
1008,1
1009,0
1010,0
1011,0
1012,0
1013,1
1014,0
1015,0
1016,1
1017,1
1018,1
1019,1
1020,0
1021,1
1022,1
1023,0
1024,1
1025,1
1026,1
1027,0
1028,0
1029,1
1030,1
1031,1
1032,1
1033,1
1034,1
1035,0
1036,0
1037,0
1038,1
1039,0
1040,1
1041,0
1042,0
1043,1
1044,1
1045,0
1046,1
1047,0
1048,0
1049,0
1050,1
1051,1
1052,1
1053,0
1054,0
1055,0
1056,0
1057,0
1058,0
1059,0
1060,0
1061,0
1062,0
1063,1
1064,0
1065,0
1066,1
1067,0
1068,0
1069,0
1070,0
1071,0
1072,0
1073,0
1074,0
1075,1
1076,0
1077,0
1078,0
1079,1
1080,0
1081,1
1082,1
1083,1
1084,0
1085,0
1086,1
1087,0
1088,1
1089,0
1090,1
1091,1
1092,0
1093,1
1094,0
1095,0
1096,0
1097,0
1098,0
1099,1
1100,0
1101,1
1102,0
1103,0
1104,1
1105,0
1106,0
1107,1
1108,1
1109,1
1110,0
1111,0
1112,0
1113,0
1114,0
1115,0
1116,0
1117,0
1118,0
1119,1
1120,0
1121,1
1122,1
1123,1
1124,1
1125,1
1126,0
1127,0
1128,0
1129,0
1130,1
1131,1
1132,0
1133,1
1134,1
1135,1
1136,0
1137,0
1138,0
1139,0
1140,1
1141,0
1142,0
1143,0
1144,0
1145,0
1146,0
1147,0
1148,0
1149,0
1150,0
1151,1
1152,0
1153,1
1154,0
1155,0
1156,0
1157,0
1158,0
1159,1
1160,0
1161,0
1162,0
1163,0
1164,0
1165,0
1166,1
1167,0
1168,0
1169,1
1170,0
1171,0
1172,0
1173,0
1174,0
1175,0
1176,0
1177,0
1178,0
1179,0
1180,0
1181,1
1182,1
1183,0
1184,0
1185,0
1186,0
1187,1
1188,0
1189,0
1190,0
1191,0
1192,1
1193,0
1194,0
1195,0
1196,0
1197,1
1198,0
1199,0
1200,0
1201,0
1202,1
1203,0
1204,1
1205,0
1206,0
1207,0
1208,0
1209,0
1210,0
1211,0
1212,0
1213,0
1214,0
1215,0
1216,0
1217,0
1218,0
1219,1
1220,0
1221,1
1222,0
1223,0
1224,0
1225,0
1226,0
1227,0
1228,0
1229,1
1230,0
1231,0
1232,1
1233,0
1234,0
1235,1
1236,0
1237,1
1238,0
1239,1
1240,1
1241,1
1242,0
1243,1
1244,0
1245,1
1246,1
1247,0
1248,1
1249,1
1250,0
1251,0
1252,1
1253,0
1254,1
1255,1
1256,0
1257,0
1258,0
1259,0
1260,0
1261,0
1262,0
1263,0
1264,1
1265,0
1266,0
1267,0
1268,0
1269,1
1270,1
1271,0
1272,1
1273,1
1274,1
1275,0
1276,1
1277,0
1278,1
1279,1
1280,1
1281,1
1282,0
1283,0
1284,0
1285,1
1286,0
1287,0
1288,0
1289,0
1290,0
1291,0
1292,0
1293,0
1294,0
1295,1
1296,0
1297,0
1298,0
1299,0
1300,0
1301,0
1302,0
1303,1
1304,1
1305,0
1306,0
1307,0
1308,0
1309,0
1310,0
1311,1
1312,1
1313,1
1314,1
1315,1
1316,0
1317,1
1318,1
1319,1
1320,0
1321,0
1322,0
1323,1
1324,0
1325,1
1326,0
1327,1
1328,1
1329,0
1330,1
1331,0
1332,0
1333,1
1334,0
1335,1
1336,1
1337,0
1338,0
1339,0
1340,1
1341,0
1342,0
1343,0
1344,1
1345,1
1346,0
1347,0
1348,1
1349,1
1350,1
1351,0
1352,0
1353,0
1354,1
1355,0
1356,1
1357,1
1358,0
1359,0
1360,1
1361,1
1362,0
1363,0
1364,1
1365,1
1366,0
1367,1
1368,0
1369,0
1370,1
1371,1
1372,0
1373,1
1374,0
1375,0
1376,0
1377,0
1378,1
1379,1
1380,0
1381,0
1382,0
1383,1
1384,1
1385,0
1386,0
1387,0
1388,0
1389,0
1390,0
1391,0
1392,0
1393,0
1394,0
1395,1
1396,0
1397,0
1398,0
1399,0
1400,0
1401,0
1402,0
1403,0
1404,0
1405,0
1406,0
1407,0
1408,0
1409,0
1410,1
1411,0
1412,1
1413,0
1414,0
1415,0
1416,0
1417,0
1418,0
1419,0
1420,0
1421,1
1422,1
1423,1
1424,0
1425,0
1426,0
1427,1
1428,0
1429,0
1430,1
1431,0
1432,1
1433,0
1434,0
1435,1
1436,0
1437,1
1438,1
1439,1
1440,0
1441,1
1442,0
1443,0
1444,0
1445,0
1446,0
1447,0
1448,0
1449,0
1450,0
1451,1
1452,0
1453,0
1454,0
1455,0
1456,1
1457,0
1458,0
1459,0
1460,0
1461,0
1462,0
1463,0
1464,0
1465,0
1466,0
1467,0
1468,0
1469,0
1470,0
1471,0
1472,0
1473,0
1474,0
1475,0
1476,0
1477,0
1478,1
1479,0
1480,1
1481,1
1482,1
1483,0
1484,0
1485,1
1486,1
1487,1
1488,1
1489,0
1490,0
1491,0
1492,0
1493,1
1494,1
1495,0
1496,0
1497,0
1498,0
1499,0
1500,0
1501,1
1502,1
1503,1
1504,0
1505,0
1506,0
1507,1
1508,1
1509,1
1510,0
1511,1
1512,1
1513,1
1514,1
1515,1
1516,1
1517,1
1518,0
1519,0
1520,1
1521,0
1522,0
1523,0
1524,0
1525,0
1526,0
1527,0
1528,1
1529,1
1530,0
1531,0
1532,0
1533,0
1534,0
1535,0
1536,0
1537,1
1538,0
1539,0
1540,0
1541,0
1542,1
1543,0
1544,1
1545,1
1546,0
1547,0
1548,0
1549,0
1550,0
1551,0
1552,0
1553,0
1554,0
1555,0
1556,1
1557,0
1558,0
1559,0
1560,0
1561,0
1562,0
1563,0
1564,0
1565,0
1566,0
1567,0
1568,0
1569,0
1570,0
1571,0
1572,0
1573,0
1574,1
1575,0
1576,0
1577,0
1578,1
1579,0
1580,1
1581,1
1582,0
1583,0
1584,0
1585,0
1586,0
1587,1
1588,0
1589,0
1590,0
1591,0
1592,0
1593,0
1594,0
1595,0
1596,1
1597,0
1598,0
1599,1
1600,1
1601,0
1602,0
1603,0
1604,0
1605,0
1606,1
1607,0
1608,1
1609,0
1610,1
1611,0
1612,0
1613,0
1614,0
1615,0
1616,0
1617,0
1618,0
1619,0
1620,0
1621,1
1622,0
1623,0
1624,0
1625,0
1626,0
1627,0
1628,0
1629,0
1630,0
1631,1
1632,1
1633,0
1634,0
1635,0
1636,1
1637,1
1638,1
1639,1
1640,1
1641,1
1642,0
1643,0
1644,1
1645,1
1646,1
1647,0
1648,0
1649,0
1650,0
1651,0
1652,0
1653,0
1654,1
1655,0
1656,0
1657,0
1658,0
1659,0
1660,1
1661,0
1662,0
1663,1
1664,0
1665,0
1666,1
1667,1
1668,0
1669,0
1670,0
1671,0
1672,0
1673,0
1674,0
1675,0
1676,0
1677,0
1678,0
1679,0
1680,0
1681,0
1682,0
1683,0
1684,1
1685,1
1686,0
1687,1
1688,0
1689,0
1690,0
1691,0
1692,0
1693,0
1694,1
1695,0
1696,0
1697,0
1698,1
1699,1
1700,0
1701,0
1702,1
1703,1
1704,0
1705,0
1706,0
1707,0
1708,0
1709,0
1710,1
1711,0
1712,0
1713,0
1714,0
1715,1
1716,1
1717,1
1718,1
1719,0
1720,0
1721,0
1722,0
1723,0
1724,1
1725,1
1726,0
1727,0
1728,1
1729,0
1730,1
1731,1
1732,1
1733,0
1734,0
1735,1
1736,0
1737,0
1738,0
1739,0
1740,0
1741,0
1742,0
1743,0
1744,0
1745,0
1746,1
1747,0
1748,0
1749,0
1750,0
1751,0
1752,0
1753,1
1754,0
1755,1
1756,0
1757,0
1758,1
1759,1
1760,1
1761,1
1762,0
1763,0
1764,0
1765,1
1766,0
1767,0
1768,0
1769,0
1770,0
1771,0
1772,0
1773,0
1774,0
1775,0
1776,0
1777,1
1778,0
1779,1
1780,1
1781,0
1782,0
1783,1
1784,0
1785,0
1786,0
1787,0
1788,0
1789,0
1790,0
1791,0
1792,0
1793,0
1794,0
1795,1
1796,1
1797,0
1798,0
1799,0
1800,0
1801,0
1802,0
1803,0
1804,0
1805,1
1806,0
1807,0
1808,0
1809,0
1810,0
1811,1
1812,0
1813,1
1814,0
1815,0
1816,1
1817,0
1818,0
1819,0
1820,0
1821,0
1822,0
1823,0
1824,0
1825,1
1826,0
1827,0
1828,1
1829,0
1830,0
1831,1
1832,0
1833,0
1834,0
1835,0
1836,0
1837,0
1838,0
1839,0
1840,0
1841,0
1842,0
1843,1
1844,1
1845,1
1846,0
1847,1
1848,1
1849,0
1850,0
1851,0
1852,1
1853,0
1854,0
1855,0
1856,0
1857,0
1858,0
1859,0
1860,0
1861,0
1862,0
1863,1
1864,0
1865,0
1866,0
1867,0
1868,0
1869,0
1870,0
1871,0
1872,0
1873,0
1874,0
1875,1
1876,0
1877,0
1878,1
1879,0
1880,1
1881,0
1882,1
1883,0
1884,1
1885,0
1886,0
1887,1
1888,1
1889,1
1890,0
1891,0
1892,0
1893,0
1894,1
1895,0
1896,0
1897,0
1898,1
1899,1
1900,0
1901,0
1902,0
1903,0
1904,0
1905,0
1906,0
1907,1
1908,0
1909,0
1910,0
1911,1
1912,0
1913,0
1914,0
1915,0
1916,0
1917,0
1918,0
1919,0
1920,1
1921,1
1922,1
1923,1
1924,1
1925,0
1926,1
1927,0
1928,0
1929,0
1930,1
1931,0
1932,0
1933,0
1934,0
1935,0
1936,0
1937,0
1938,1
1939,0
1940,0
1941,0
1942,0
1943,0
1944,1
1945,0
1946,0
1947,1
1948,0
1949,0
1950,0
1951,0
1952,1
1953,0
1954,1
1955,0
1956,0
1957,0
1958,0
1959,0
1960,0
1961,0
1962,1
1963,0
1964,1
1965,1
1966,1
1967,0
1968,0
1969,1
1970,0
1971,0
1972,1
1973,0
1974,1
1975,1
1976,1
1977,1
1978,0
1979,0
1980,0
1981,0
1982,0
1983,0
1984,0
1985,0
1986,0
1987,0
1988,0
1989,0
1990,0
1991,0
1992,0
1993,0
1994,0
1995,0
1996,0
1997,0
1998,0
1999,0
2000,0
2001,0
2002,0
2003,0
2004,0
2005,0
2006,0
2007,0
2008,1
2009,0
2010,0
2011,1
2012,0
2013,0
2014,0
2015,0
2016,1
2017,0
2018,0
2019,0
2020,0
2021,0
2022,0
2023,0
2024,0
2025,0
2026,0
2027,0
2028,0
2029,1
2030,0
2031,0
2032,0
2033,0
2034,1
2035,0
2036,0
2037,0
2038,0
2039,0
2040,0
2041,0
2042,0
2043,0
2044,0
2045,0
2046,0
2047,0
2048,0
2049,0
2050,0
2051,0
2052,0
2053,0
2054,0
2055,0
2056,0
2057,0
2058,0
2059,1
2060,1
2061,0
2062,0
2063,0
2064,0
2065,0
2066,0
2067,0
2068,0
2069,0
2070,0
2071,0
2072,0
2073,0
2074,0
2075,0
2076,0
2077,0
2078,0
2079,0
2080,1
2081,0
2082,0
2083,0
2084,1
2085,0
2086,0
2087,0
2088,0
2089,0
2090,0
2091,0
2092,0
2093,0
2094,0
2095,1
2096,0
2097,1
2098,1
2099,0
2100,1
2101,1
2102,0
2103,0
2104,0
2105,0
2106,0
2107,0
2108,0
2109,1
2110,0
2111,0
2112,1
2113,1
2114,0
2115,1
2116,0
2117,0
2118,1
2119,1
2120,0
2121,0
2122,1
2123,0
2124,1
2125,0
2126,1
2127,1
2128,0
2129,0
2130,0
2131,0
2132,1
2133,0
2134,0
2135,0
2136,1
2137,0
2138,0
2139,0
2140,1
2141,0
2142,0
2143,1
2144,0
2145,0
2146,1
2147,0
2148,0
2149,1
2150,0
2151,0
2152,1
2153,0
2154,0
2155,0
2156,0
2157,0
2158,1
2159,0
2160,1
2161,0
2162,0
2163,0
2164,0
2165,0
2166,0
2167,1
2168,0
2169,0
2170,0
2171,1
2172,1
2173,0
2174,0
2175,0
2176,1
2177,1
2178,1
2179,0
2180,0
2181,0
2182,0
2183,0
2184,0
2185,0
2186,0
2187,0
2188,0
2189,0
2190,1
2191,0
2192,1
2193,1
2194,0
2195,0
2196,0
2197,0
2198,0
2199,0
2200,0
2201,0
2202,0
2203,0
2204,0
2205,0
2206,0
2207,0
2208,0
2209,0
2210,1
2211,0
2212,0
2213,1
2214,0
2215,1
2216,0
2217,0
2218,0
2219,0
2220,0
2221,0
2222,1
2223,1
2224,0
2225,1
2226,1
2227,0
2228,1
2229,1
2230,0
2231,0
2232,0
2233,0
2234,1
2235,0
2236,0
2237,0
2238,1
2239,0
2240,0
2241,0
2242,0
2243,0
2244,1
2245,1
2246,0
2247,0
2248,1
2249,0
2250,0
2251,0
2252,1
2253,0
2254,1
2255,0
2256,0
2257,0
2258,0
2259,1
2260,1
2261,0
2262,1
2263,0
2264,1
2265,0
2266,1
2267,0
2268,1
2269,1
2270,1
2271,0
2272,1
2273,1
2274,0
2275,0
2276,0
2277,0
2278,0
2279,0
2280,0
2281,0
2282,0
2283,1
2284,0
2285,0
2286,1
2287,1
2288,0
2289,0
2290,0
2291,0
2292,0
2293,0
2294,1
2295,0
2296,1
2297,1
2298,0
2299,1
2300,0
2301,0
2302,1
2303,0
2304,0
2305,0
2306,0
2307,0
2308,0
2309,0
2310,1
2311,0
2312,1
2313,0
2314,0
2315,1
2316,0
2317,0
2318,0
2319,0
2320,1
2321,0
2322,0
2323,1
2324,0
2325,0
2326,0
2327,0
2328,0
2329,0
2330,0
2331,0
2332,0
2333,0
2334,0
2335,0
2336,0
2337,0
2338,1
2339,0
2340,0
2341,0
2342,0
2343,0
2344,1
2345,0
2346,1
2347,1
2348,1
2349,1
2350,1
2351,0
2352,1
2353,0
2354,1
2355,0
2356,1
2357,0
2358,0
2359,1
2360,0
2361,0
2362,1
2363,1
2364,1
2365,0
2366,1
2367,0
2368,1
2369,1
2370,1
2371,0
2372,0
2373,0
2374,0
2375,0
2376,0
2377,1
2378,1
2379,0
2380,0
2381,0
2382,0
2383,0
2384,0
2385,0
2386,0
2387,0
2388,0
2389,0
2390,1
2391,0
2392,1
2393,0
2394,0
2395,0
2396,1
2397,0
2398,0
2399,0
2400,1
2401,0
2402,0
2403,0
2404,0
2405,0
2406,0
2407,0
2408,0
2409,0
2410,0
2411,0
2412,0
2413,0
2414,0
2415,0
2416,0
2417,0
2418,0
2419,0
2420,0
2421,0
2422,0
2423,0
2424,0
2425,0
2426,0
2427,0
2428,0
2429,0
2430,1
2431,0
2432,1
2433,1
2434,0
2435,0
2436,0
2437,0
2438,0
2439,1
2440,1
2441,0
2442,0
2443,0
2444,1
2445,0
2446,0
2447,0
2448,0
2449,0
2450,0
2451,0
2452,0
2453,0
2454,0
2455,0
2456,0
2457,0
2458,0
2459,1
2460,1
2461,1
2462,0
2463,0
2464,0
2465,0
2466,0
2467,1
2468,1
2469,0
2470,0
2471,0
2472,0
2473,0
2474,1
2475,1
2476,0
2477,1
2478,1
2479,1
2480,1
2481,0
2482,1
2483,1
2484,0
2485,0
2486,1
2487,0
2488,0
2489,1
2490,1
2491,0
2492,1
2493,0
2494,0
2495,0
2496,0
2497,0
2498,0
2499,0
2500,0
2501,0
2502,0
2503,0
2504,0
2505,0
2506,0
2507,0
2508,0
2509,1
2510,1
2511,0
2512,0
2513,0
2514,0
2515,0
2516,0
2517,0
2518,0
2519,0
2520,1
2521,1
2522,0
2523,0
2524,0
2525,0
2526,1
2527,0
2528,0
2529,1
2530,0
2531,0
2532,0
2533,0
2534,1
2535,0
2536,0
2537,1
2538,0
2539,0
2540,0
2541,0
2542,0
2543,0
2544,0
2545,1
2546,0
2547,0
2548,0
2549,0
2550,0
2551,0
2552,0
2553,0
2554,0
2555,0
2556,0
2557,1
2558,0
2559,0
2560,1
2561,0
2562,0
2563,0
2564,0
2565,0
2566,0
2567,0
2568,0
2569,0
2570,0
2571,0
2572,0
2573,0
2574,0
2575,0
2576,0
2577,0
2578,0
2579,1
2580,0
2581,0
2582,0
2583,0
2584,0
2585,0
2586,0
2587,0
2588,0
2589,0
2590,0
2591,1
2592,0
2593,0
2594,0
2595,1
2596,0
2597,0
2598,0
2599,0
2600,0
2601,0
2602,0
2603,1
2604,0
2605,0
2606,0
2607,0
2608,0
2609,0
2610,0
2611,0
2612,0
2613,0
2614,0
2615,0
2616,0
2617,0
2618,0
2619,0
2620,0
2621,1
2622,0
2623,0
2624,0
2625,1
2626,0
2627,0
2628,0
2629,0
2630,0
2631,1
2632,0
2633,0
2634,0
2635,0
2636,0
2637,0
2638,0
2639,0
2640,0
2641,0
2642,0
2643,0
2644,0
2645,0
2646,1
2647,0
2648,0
2649,0
2650,0
2651,0
2652,0
2653,0
2654,0
2655,0
2656,0
2657,0
2658,0
2659,0
2660,0
2661,0
2662,0
2663,0
2664,0
2665,0
2666,0
2667,0
2668,0
2669,0
2670,0
2671,0
2672,1
2673,1
2674,0
2675,1
2676,0
2677,0
2678,0
2679,0
2680,0
2681,0
2682,0
2683,1
2684,1
2685,1
2686,0
2687,0
2688,0
2689,1
2690,0
2691,0
2692,0
2693,0
2694,1
2695,1
2696,0
2697,0
2698,1
2699,0
2700,0
2701,0
2702,0
2703,0
2704,1
2705,0
2706,0
2707,1
2708,0
2709,0
2710,1
2711,1
2712,0
2713,0
2714,1
2715,0
2716,0
2717,0
2718,0
2719,0
2720,0
2721,1
2722,0
2723,0
2724,0
2725,0
2726,0
2727,0
2728,1
2729,0
2730,0
2731,1
2732,1
2733,0
2734,0
2735,0
2736,0
2737,0
2738,0
2739,0
2740,0
2741,1
2742,1
2743,0
2744,1
2745,1
2746,0
2747,0
2748,0
2749,1
2750,0
2751,0
2752,0
2753,0
2754,0
2755,0
2756,0
2757,1
2758,0
2759,1
2760,0
2761,1
2762,0
2763,1
2764,0
2765,0
2766,0
2767,0
2768,0
2769,0
2770,0
2771,1
2772,0
2773,0
2774,0
2775,0
2776,0
2777,0
2778,0
2779,0
2780,0
2781,0
2782,0
2783,0
2784,0
2785,1
2786,1
2787,0
2788,0
2789,0
2790,0
2791,0
2792,0
2793,0
2794,0
2795,0
2796,0
2797,0
2798,0
2799,0
2800,0
2801,0
2802,0
2803,0
2804,0
2805,1
2806,0
2807,0
2808,0
2809,0
2810,1
2811,0
2812,0
2813,0
2814,0
2815,1
2816,1
2817,0
2818,0
2819,0
2820,0
2821,0
2822,0
2823,0
2824,0
2825,0
2826,0
2827,1
2828,1
2829,1
2830,0
2831,0
2832,0
2833,0
2834,0
2835,0
2836,1
2837,0
2838,0
2839,1
2840,1
2841,0
2842,0
2843,0
2844,0
2845,0
2846,0
2847,0
2848,0
2849,0
2850,0
2851,1
2852,0
2853,0
2854,0
2855,0
2856,0
2857,0
2858,0
2859,0
2860,0
2861,0
2862,0
2863,0
2864,0
2865,0
2866,0
2867,1
2868,0
2869,1
2870,0
2871,0
2872,0
2873,0
2874,1
2875,1
2876,1
2877,1
2878,0
2879,1
2880,0
2881,1
2882,0
2883,0
2884,0
2885,0
2886,0
2887,0
2888,0
2889,1
2890,1
2891,0
2892,1
2893,0
2894,0
2895,0
2896,0
2897,1
2898,0
2899,0
2900,0
2901,1
2902,0
2903,0
2904,0
2905,1
2906,1
2907,0
2908,1
2909,0
2910,0
2911,0
2912,1
2913,0
2914,0
2915,0
2916,0
2917,0
2918,1
2919,0
2920,0
2921,0
2922,0
2923,0
2924,0
2925,1
2926,1
2927,1
2928,0
2929,1
2930,0
2931,0
2932,0
2933,0
2934,0
2935,0
2936,0
2937,0
2938,0
2939,0
2940,0
2941,0
2942,1
2943,0
2944,0
2945,1
2946,0
2947,1
2948,0
2949,0
2950,1
2951,0
2952,1
2953,1
2954,0
2955,0
2956,0
2957,0
2958,0
2959,1
2960,0
2961,0
2962,0
2963,1
2964,0
2965,0
2966,0
2967,0
2968,1
2969,1
2970,1
2971,0
2972,1
2973,0
2974,1
2975,1
2976,0
2977,0
2978,0
2979,0
2980,0
2981,0
2982,1
2983,1
2984,0
2985,0
2986,0
2987,0
2988,0
2989,0
2990,1
2991,0
2992,0
2993,0
2994,1
2995,0
2996,1
2997,0
2998,0
2999,0
3000,0
3001,0
3002,0
3003,0
3004,0
3005,0
3006,1
3007,0
3008,0
3009,0
3010,0
3011,1
3012,1
3013,0
3014,0
3015,0
3016,1
3017,0
3018,0
3019,0
3020,0
3021,0
3022,0
3023,1
3024,1
3025,0
3026,0
3027,0
3028,1
3029,0
3030,0
3031,0
3032,0
3033,0
3034,0
3035,0
3036,0
3037,0
3038,0
3039,0
3040,0
3041,0
3042,0
3043,0
3044,0
3045,0
3046,0
3047,0
3048,1
3049,1
3050,0
3051,0
3052,1
3053,0
3054,0
3055,0
3056,0
3057,0
3058,0
3059,0
3060,0
3061,0
3062,0
3063,0
3064,0
3065,0
3066,0
3067,0
3068,1
3069,0
3070,0
3071,0
3072,0
3073,0
3074,0
3075,1
3076,0
3077,0
3078,0
3079,0
3080,1
3081,0
3082,0
3083,0
3084,0
3085,0
3086,0
3087,0
3088,0
3089,0
3090,0
3091,0
3092,0
3093,0
3094,0
3095,0
3096,0
3097,0
3098,0
3099,0
3100,0
3101,1
3102,1
3103,0
3104,0
3105,0
3106,0
3107,0
3108,0
3109,0
3110,0
3111,0
3112,0
3113,0
3114,0
3115,0
3116,0
3117,0
3118,0
3119,0
3120,1
3121,0
3122,0
3123,1
3124,1
3125,1
3126,0
3127,0
3128,0
3129,0
3130,0
3131,0
3132,1
3133,0
3134,1
3135,1
3136,0
3137,1
3138,1
3139,1
3140,1
3141,1
3142,0
3143,0
3144,0
3145,0
3146,0
3147,1
3148,1
3149,1
3150,1
3151,0
3152,0
3153,1
3154,0
3155,0
3156,0
3157,0
3158,0
3159,0
3160,0
3161,0
3162,0
3163,0
3164,0
3165,0
3166,1
3167,0
3168,0
3169,0
3170,0
3171,0
3172,0
3173,0
3174,0
3175,0
3176,0
3177,0
3178,1
3179,1
3180,1
3181,0
3182,1
3183,1
3184,1
3185,1
3186,1
3187,1
3188,0
3189,0
3190,1
3191,1
3192,1
3193,1
3194,0
3195,0
3196,0
3197,1
3198,1
3199,1
3200,1
3201,0
3202,1
3203,0
3204,1
3205,1
3206,0
3207,0
3208,0
3209,0
3210,0
3211,1
3212,0
3213,0
3214,0
3215,0
3216,1
3217,0
3218,1
3219,0
3220,1
3221,1
3222,0
3223,0
3224,0
3225,1
3226,0
3227,0
3228,1
3229,0
3230,0
3231,0
3232,1
3233,0
3234,0
3235,0
3236,0
3237,1
3238,0
3239,0
3240,0
3241,0
3242,1
3243,0
3244,0
3245,1
3246,1
3247,0
3248,1
3249,1
3250,0
3251,0
3252,0
3253,0
3254,1
3255,0
3256,0
3257,1
3258,0
3259,0
3260,0
3261,0
3262,0
3263,1
3264,0
3265,1
3266,1
3267,0
3268,0
3269,0
3270,1
3271,0
3272,0
3273,0
3274,0
3275,0
3276,0
3277,1
3278,1
3279,0
3280,0
3281,1
3282,1
3283,1
3284,0
3285,0
3286,1
3287,1
3288,0
3289,0
3290,1
3291,0
3292,0
3293,0
3294,0
3295,0
3296,0
3297,1
3298,0
3299,1
3300,1
3301,0
3302,0
3303,0
3304,0
3305,0
3306,1
3307,0
3308,0
3309,1
3310,1
3311,0
3312,0
3313,1
3314,0
3315,0
3316,0
3317,0
3318,0
3319,0
3320,0
3321,0
3322,0
3323,0
3324,0
3325,0
3326,0
3327,1
3328,0
3329,0
3330,0
3331,1
3332,0
3333,0
3334,0
3335,0
3336,0
3337,1
3338,0
3339,0
3340,0
3341,0
3342,1
3343,0
3344,1
3345,1
3346,0
3347,0
3348,0
3349,0
3350,0
3351,0
3352,0
3353,0
3354,0
3355,0
3356,0
3357,0
3358,0
3359,0
3360,1
3361,0
3362,0
3363,0
3364,0
3365,0
3366,0
3367,0
3368,1
3369,0
3370,0
3371,1
3372,0
3373,0
3374,0
3375,0
3376,0
3377,0
3378,0
3379,0
3380,0
3381,0
3382,0
3383,0
3384,0
3385,1
3386,1
3387,1
3388,0
3389,0
3390,1
3391,0
3392,1
3393,0
3394,0
3395,1
3396,0
3397,0
3398,0
3399,0
3400,0
3401,0
3402,0
3403,0
3404,0
3405,0
3406,0
3407,1
3408,0
3409,1
3410,1
3411,1
3412,0
3413,0
3414,0
3415,0
3416,0
3417,0
3418,0
3419,0
3420,0
3421,1
3422,0
3423,0
3424,0
3425,0
3426,0
3427,0
3428,0
3429,1
3430,0
3431,1
3432,0
3433,0
3434,0
3435,0
3436,0
3437,0
3438,0
3439,1
3440,1
3441,0
3442,1
3443,0
3444,1
3445,0
3446,1
3447,1
3448,0
3449,0
3450,0
3451,1
3452,0
3453,1
3454,0
3455,1
3456,0
3457,1
3458,0
3459,1
3460,0
3461,0
3462,0
3463,0
3464,1
3465,0
3466,0
3467,0
3468,0
3469,0
3470,0
3471,0
3472,0
3473,0
3474,0
3475,0
3476,0
3477,0
3478,1
3479,0
3480,0
3481,1
3482,1
3483,1
3484,1
3485,1
3486,0
3487,1
3488,1
3489,0
3490,0
3491,0
3492,0
3493,1
3494,0
3495,1
3496,0
3497,1
3498,0
3499,1
3500,1
3501,0
3502,0
3503,0
3504,0
3505,0
3506,0
3507,1
3508,1
3509,1
3510,1
3511,1
3512,1
3513,0
3514,0
3515,0
3516,0
3517,0
3518,0
3519,0
3520,0
3521,0
3522,0
3523,1
3524,0
3525,0
3526,0
3527,0
3528,0
3529,0
3530,0
3531,0
3532,0
3533,0
3534,1
3535,1
3536,1
3537,0
3538,0
3539,0
3540,1
3541,0
3542,1
3543,1
3544,1
3545,0
3546,0
3547,0
3548,0
3549,0
3550,0
3551,0
3552,0
3553,0
3554,1
3555,0
3556,0
3557,0
3558,0
3559,0
3560,0
3561,0
3562,0
3563,0
3564,0
3565,0
3566,0
3567,0
3568,0
3569,0
3570,0
3571,0
3572,0
3573,0
3574,0
3575,0
3576,0
3577,0
3578,1
3579,0
3580,0
3581,1
3582,0
3583,0
3584,0
3585,0
3586,0
3587,0
3588,0
3589,1
3590,0
3591,0
3592,1
3593,0
3594,1
3595,1
3596,1
3597,0
3598,0
3599,0
3600,0
3601,0
3602,0
3603,0
3604,0
3605,0
3606,0
3607,0
3608,0
3609,0
3610,0
3611,0
3612,0
3613,0
3614,0
3615,0
3616,1
3617,0
3618,0
3619,0
3620,0
3621,1
3622,0
3623,0
3624,0
3625,1
3626,0
3627,0
3628,0
3629,0
3630,0
3631,0
3632,0
3633,0
3634,0
3635,0
3636,1
3637,0
3638,0
3639,0
3640,0
3641,0
3642,0
3643,0
3644,0
3645,0
3646,0
3647,1
3648,0
3649,0
3650,0
3651,0
3652,0
3653,0
3654,0
3655,0
3656,0
3657,0
3658,0
3659,0
3660,1
3661,0
3662,0
3663,0
3664,0
3665,0
3666,1
3667,1
3668,0
3669,0
3670,0
3671,0
3672,0
3673,1
3674,0
3675,0
3676,0
3677,0
3678,0
3679,0
3680,0
3681,0
3682,1
3683,1
3684,0
3685,0
3686,0
3687,1
3688,0
3689,0
3690,0
3691,0
3692,0
3693,0
3694,0
3695,0
3696,1
3697,0
3698,0
3699,0
3700,0
3701,0
3702,0
3703,0
3704,0
3705,0
3706,0
3707,1
3708,0
3709,0
3710,0
3711,0
3712,0
3713,1
3714,0
3715,1
3716,1
3717,0
3718,0
3719,0
3720,1
3721,0
3722,1
3723,0
3724,0
3725,0
3726,0
3727,0
3728,0
3729,0
3730,0
3731,0
3732,0
3733,0
3734,0
3735,0
3736,0
3737,0
3738,0
3739,0
3740,0
3741,0
3742,0
3743,1
3744,0
3745,0
3746,0
3747,0
3748,0
3749,0
3750,0
3751,0
3752,1
3753,1
3754,0
3755,0
3756,0
3757,0
3758,0
3759,1
3760,0
3761,0
3762,0
3763,1
3764,0
3765,0
3766,0
3767,1
3768,0
3769,0
3770,0
3771,0
3772,1
3773,1
3774,0
3775,0
3776,0
3777,0
3778,0
3779,0
3780,0
3781,0
3782,1
3783,0
3784,0
3785,0
3786,1
3787,0
3788,0
3789,0
3790,0
3791,0
3792,0
3793,0
3794,0
3795,0
3796,0
3797,0
3798,0
3799,0
3800,0
3801,0
3802,0
3803,1
3804,0
3805,0
3806,0
3807,0
3808,0
3809,0
3810,0
3811,0
3812,0
3813,0
3814,0
3815,0
3816,0
3817,0
3818,0
3819,0
3820,0
3821,0
3822,0
3823,0
3824,0
3825,0
3826,0
3827,0
3828,0
3829,1
3830,0
3831,0
3832,0
3833,0
3834,0
3835,0
3836,0
3837,0
3838,0
3839,0
3840,0
3841,0
3842,0
3843,0
3844,0
3845,0
3846,0
3847,0
3848,0
3849,0
3850,0
3851,0
3852,0
3853,1
3854,1
3855,0
3856,0
3857,0
3858,0
3859,0
3860,0
3861,0
3862,0
3863,0
3864,0
3865,0
3866,0
3867,0
3868,0
3869,1
3870,0
3871,0
3872,0
3873,0
3874,0
3875,1
3876,0
3877,0
3878,1
3879,1
3880,0
3881,0
3882,1
3883,0
3884,0
3885,0
3886,0
3887,0
3888,1
3889,0
3890,0
3891,0
3892,0
3893,0
3894,0
3895,0
3896,0
3897,0
3898,1
3899,0
3900,0
3901,0
3902,0
3903,0
3904,0
3905,1
3906,0
3907,0
3908,0
3909,0
3910,0
3911,1
3912,1
3913,0
3914,0
3915,0
3916,0
3917,0
3918,0
3919,1
3920,0
3921,1
3922,0
3923,0
3924,0
3925,0
3926,0
3927,0
3928,1
3929,0
3930,1
3931,0
3932,1
3933,0
3934,1
3935,0
3936,1
3937,0
3938,0
3939,0
3940,0
3941,0
3942,0
3943,0
3944,0
3945,1
3946,0
3947,1
3948,1
3949,0
3950,1
3951,0
3952,0
3953,0
3954,1
3955,1
3956,0
3957,0
3958,1
3959,0
3960,1
3961,1
3962,0
3963,0
3964,1
3965,0
3966,0
3967,0
3968,1
3969,0
3970,1
3971,0
3972,1
3973,1
3974,1
3975,0
3976,0
3977,1
3978,1
3979,0
3980,0
3981,0
3982,1
3983,0
3984,1
3985,0
3986,0
3987,0
3988,1
3989,0
3990,1
3991,1
3992,1
3993,0
